occupation,n,p_women,p_black,p_asian,p_hispanic,aggregate,y.n,conjunction,search_term,uncertain_search_term,multiple_search_terms
Chief executives,1513000,27.4,3.7,4.2,4.7,FALSE,TRUE,FALSE,chief executive officer,FALSE,FALSE
General and operations managers,1064000,29.1,6.2,4.7,9.3,FALSE,FALSE,FALSE,NA,FALSE,FALSE
Legislators,11000,NA,NA,NA,NA,FALSE,FALSE,FALSE,NA,FALSE,FALSE
Advertising and promotions managers,77000,49.4,6.7,4.3,10,FALSE,FALSE,FALSE,NA,FALSE,FALSE
Marketing and sales managers,967000,45.2,4.2,6,6.1,FALSE,FALSE,FALSE,NA,FALSE,FALSE
Public relations and fundraising managers,58000,69.3,5.8,3.4,8,FALSE,FALSE,FALSE,NA,FALSE,FALSE
Administrative services managers,144000,44.1,6.4,4.4,9.5,FALSE,FALSE,FALSE,NA,FALSE,FALSE
Computer and information systems managers,605000,26.8,5.6,14.5,5.8,FALSE,FALSE,FALSE,NA,FALSE,FALSE
Financial managers,1228000,53.5,8.6,5.7,10.3,FALSE,FALSE,FALSE,NA,FALSE,FALSE
Compensation and benefits managers,15000,NA,NA,NA,NA,FALSE,FALSE,FALSE,NA,FALSE,FALSE
Human resources managers,224000,72.7,11.3,2.4,9.5,FALSE,TRUE,FALSE,HR?,TRUE,FALSE
Training and development managers,36000,NA,NA,NA,NA,FALSE,FALSE,FALSE,NA,FALSE,FALSE
Industrial production managers,261000,17.6,3.4,5.1,11.4,FALSE,FALSE,FALSE,NA,FALSE,FALSE
Purchasing managers,218000,50.9,8.4,4.6,10.4,FALSE,FALSE,FALSE,NA,FALSE,FALSE
"Transportation, storage, and distribution managers",287000,15.6,11.1,3.3,11.3,FALSE,FALSE,FALSE,NA,FALSE,FALSE
"Farmers, ranchers, and other agricultural managers",944000,24.5,0.8,1.2,4,FALSE,FALSE,FALSE,NA,FALSE,FALSE
Construction managers,983000,6.4,3.7,2.2,9.4,FALSE,TRUE,FALSE,Foreman?,TRUE,FALSE
Education administrators,811000,64.4,13.8,2.2,7.9,FALSE,FALSE,FALSE,NA,FALSE,FALSE
Architectural and engineering managers,120000,10.9,2.8,7.7,2.9,FALSE,FALSE,FALSE,NA,FALSE,FALSE
Food service managers,1085000,47.2,8.8,9.5,16.5,FALSE,FALSE,FALSE,NA,FALSE,FALSE
Funeral service managers,13000,NA,NA,NA,NA,FALSE,FALSE,FALSE,NA,FALSE,FALSE
Gaming managers,26000,NA,NA,NA,NA,FALSE,FALSE,FALSE,NA,FALSE,FALSE
Lodging managers,154000,45,8,13.9,11.5,FALSE,FALSE,FALSE,NA,FALSE,FALSE
Medical and health services managers,585000,69.7,10.9,5.1,8.1,FALSE,FALSE,FALSE,NA,FALSE,FALSE
Natural sciences managers,18000,NA,NA,NA,NA,FALSE,FALSE,FALSE,NA,FALSE,FALSE
Postmasters and mail superintendents,39000,NA,NA,NA,NA,FALSE,FALSE,FALSE,NA,FALSE,FALSE
"Property, real estate, and community association managers",644000,50.7,8.5,3.4,11.4,FALSE,FALSE,FALSE,NA,FALSE,FALSE
Social and community service managers,315000,70.5,14.6,3.7,8.5,FALSE,FALSE,FALSE,NA,FALSE,FALSE
Emergency management directors,6000,NA,NA,NA,NA,FALSE,FALSE,FALSE,NA,FALSE,FALSE
"Managers, all other",3594000,35,7.3,5,9.3,FALSE,FALSE,FALSE,NA,FALSE,FALSE
"Agents and business managers of artists, performers, and athletes",47000,NA,NA,NA,NA,FALSE,FALSE,FALSE,NA,FALSE,FALSE
"Buyers and purchasing agents, farm products",13000,NA,NA,NA,NA,FALSE,FALSE,FALSE,NA,FALSE,FALSE
"Wholesale and retail buyers, except farm products",198000,55.2,7.1,7.7,10.9,FALSE,FALSE,FALSE,NA,FALSE,FALSE
"Purchasing agents, except wholesale, retail, and farm products",261000,55.1,6.1,4.4,9.8,FALSE,FALSE,FALSE,NA,FALSE,FALSE
"Claims adjusters, appraisers, examiners, and investigators",323000,63.4,17.5,3.1,10.3,FALSE,TRUE,FALSE,claims adjuster,FALSE,FALSE
Compliance officers,199000,50.6,9.1,3.3,8.2,FALSE,FALSE,FALSE,NA,FALSE,FALSE
Cost estimators,114000,11.7,1.5,2,6.8,FALSE,FALSE,FALSE,NA,FALSE,FALSE
Human resources workers,603000,71.8,15.4,4.4,11.8,FALSE,TRUE,FALSE,HR?,TRUE,FALSE
"Compensation, benefits, and job analysis specialists",71000,81.1,6.9,4.2,11.8,FALSE,FALSE,FALSE,NA,FALSE,FALSE
Training and development specialists,126000,56.4,15.9,0.8,10.8,FALSE,FALSE,FALSE,NA,FALSE,FALSE
Logisticians,94000,36.8,12.3,2.2,11.9,FALSE,TRUE,FALSE,logistician,FALSE,FALSE
Management analysts,773000,39.8,6.8,8.8,4.4,FALSE,FALSE,FALSE,NA,FALSE,FALSE
"Meeting, convention, and event planners",127000,73.3,8.1,4.2,10.3,FALSE,FALSE,FALSE,NA,FALSE,FALSE
Fundraisers,86000,75.3,5.1,4.6,3.4,FALSE,TRUE,FALSE,fundraiser,FALSE,FALSE
Market research analysts and marketing specialists,219000,54.2,5.4,9.1,4.7,FALSE,FALSE,FALSE,NA,FALSE,FALSE
"Business operations specialists, all other",251000,67.3,14.2,5.6,9.2,FALSE,FALSE,FALSE,NA,FALSE,FALSE
Accountants and auditors,1765000,60.9,9.7,12,6.8,FALSE,TRUE,TRUE,accountant,FALSE,FALSE
Appraisers and assessors of real estate,93000,40.6,9.8,2.7,1,FALSE,FALSE,FALSE,NA,FALSE,FALSE
Budget analysts,55000,52.5,11.5,8.7,8.2,FALSE,FALSE,FALSE,NA,FALSE,FALSE
Credit analysts,30000,NA,NA,NA,NA,FALSE,FALSE,FALSE,NA,FALSE,FALSE
Financial analysts,89000,36.8,3.7,9,6.3,FALSE,TRUE,FALSE,Financial analyst,FALSE,FALSE
Personal financial advisors,378000,31.2,4.8,6.2,4.5,FALSE,TRUE,FALSE,financial advisor,FALSE,FALSE
Insurance underwriters,103000,70.4,10.7,0.7,10.2,FALSE,FALSE,FALSE,NA,FALSE,FALSE
Financial examiners,14000,NA,NA,NA,NA,FALSE,FALSE,FALSE,NA,FALSE,FALSE
Credit counselors and loan officers,333000,59.2,13.2,6,9.3,FALSE,FALSE,FALSE,NA,FALSE,FALSE
"Tax examiners and collectors, and revenue agents",82000,62.4,13.9,11.5,13.9,FALSE,TRUE,FALSE,tax collector,FALSE,FALSE
Tax preparers,107000,59.6,10.4,7.1,15.9,FALSE,TRUE,FALSE,tax preparer,FALSE,FALSE
"Financial specialists, all other",82000,66.5,10.9,8.4,11.5,FALSE,FALSE,FALSE,NA,FALSE,FALSE
Computer and information research scientists,29000,NA,NA,NA,NA,FALSE,FALSE,FALSE,NA,FALSE,FALSE
Computer systems analysts,499000,30.9,8.8,15.8,4.5,FALSE,FALSE,FALSE,NA,FALSE,FALSE
Information security analysts,52000,15.1,11.8,14.2,4,FALSE,FALSE,FALSE,NA,FALSE,FALSE
Computer programmers,480000,22.5,5.9,17.3,5.3,FALSE,TRUE,FALSE,computer programmer,FALSE,FALSE
"Software developers, applications and systems software",1084000,19.7,4,29.4,5.2,FALSE,TRUE,FALSE,software developer,FALSE,FALSE
Web developers,190000,33.7,4.1,8,5.6,FALSE,TRUE,FALSE,web developer,FALSE,FALSE
Computer support specialists,476000,27.1,12,7.7,9.7,FALSE,TRUE,FALSE,IT,FALSE,FALSE
Database administrators,101000,36.6,4.1,10,9.8,FALSE,FALSE,FALSE,NA,FALSE,FALSE
Network and computer systems administrators,226000,25,10,11,10.7,FALSE,TRUE,FALSE,IT,FALSE,FALSE
Computer network architects,127000,8.1,10,14.6,4.6,FALSE,FALSE,FALSE,NA,FALSE,FALSE
"Computer occupations, all other",341000,24.4,11.4,11.7,5.9,FALSE,FALSE,FALSE,NA,FALSE,FALSE
Actuaries,26000,NA,NA,NA,NA,FALSE,FALSE,FALSE,NA,FALSE,FALSE
Mathematicians,4000,NA,NA,NA,NA,FALSE,FALSE,FALSE,NA,FALSE,FALSE
Operations research analysts,130000,54.9,8.3,9.3,6.5,FALSE,FALSE,FALSE,NA,FALSE,FALSE
Statisticians,47000,NA,NA,NA,NA,FALSE,FALSE,FALSE,NA,FALSE,FALSE
Miscellaneous mathematical science occupations,3000,NA,NA,NA,NA,FALSE,FALSE,FALSE,NA,FALSE,FALSE
"Architects, except naval",195000,23.5,1.3,6.2,8.2,FALSE,TRUE,FALSE,architect,FALSE,FALSE
"Surveyors, cartographers, and photogrammetrists",51000,27.8,4.3,5.4,8.1,FALSE,TRUE,TRUE,surveyor,FALSE,FALSE
Aerospace engineers,119000,9,1.8,13.4,4.6,FALSE,TRUE,FALSE,"aerospace engineer, engineer",FALSE,TRUE
Agricultural engineers,4000,NA,NA,NA,NA,FALSE,FALSE,FALSE,NA,FALSE,FALSE
Biomedical engineers,10000,NA,NA,NA,NA,FALSE,FALSE,FALSE,NA,FALSE,FALSE
Chemical engineers,71000,17.7,5.9,9.3,6.7,FALSE,TRUE,FALSE,"chemical engineer, engineer",FALSE,TRUE
Civil engineers,358000,13.7,5.4,9,3.7,FALSE,TRUE,FALSE,"civil engineer,engineer",FALSE,TRUE
Computer hardware engineers,91000,15.1,8.5,20.8,6.5,FALSE,FALSE,FALSE,NA,FALSE,FALSE
Electrical and electronics engineers,335000,9,3.5,16.6,6.7,FALSE,TRUE,FALSE,"electrical engineer,engineer",FALSE,TRUE
Environmental engineers,43000,NA,NA,NA,NA,FALSE,FALSE,FALSE,NA,FALSE,FALSE
"Industrial engineers, including health and safety",197000,18.8,6.2,9.6,10.5,FALSE,FALSE,FALSE,NA,FALSE,FALSE
Marine engineers and naval architects,8000,NA,NA,NA,NA,FALSE,FALSE,FALSE,NA,FALSE,FALSE
Materials engineers,40000,NA,NA,NA,NA,FALSE,FALSE,FALSE,NA,FALSE,FALSE
Mechanical engineers,288000,4.5,6.3,12.3,4.9,FALSE,TRUE,FALSE,"mechanical engineer,engineer",FALSE,TRUE
"Mining and geological engineers, including mining safety engineers",9000,NA,NA,NA,NA,FALSE,FALSE,FALSE,NA,FALSE,FALSE
Nuclear engineers,11000,NA,NA,NA,NA,FALSE,FALSE,FALSE,NA,FALSE,FALSE
Petroleum engineers,38000,NA,NA,NA,NA,FALSE,FALSE,FALSE,NA,FALSE,FALSE
"Engineers, all other",359000,13.2,3.9,15.4,5.9,FALSE,TRUE,FALSE,engineer,FALSE,FALSE
Drafters,149000,16.6,3,7.7,9.9,FALSE,TRUE,FALSE,drafter,FALSE,FALSE
"Engineering technicians, except drafters",395000,16.3,10.8,5,12.3,FALSE,FALSE,FALSE,NA,FALSE,FALSE
Surveying and mapping technicians,77000,4.3,5.3,2.5,13.5,FALSE,FALSE,FALSE,NA,FALSE,FALSE
Agricultural and food scientists,42000,NA,NA,NA,NA,FALSE,FALSE,FALSE,NA,FALSE,FALSE
Biological scientists,101000,50.1,3.7,11.7,7.2,FALSE,TRUE,FALSE,biologist,FALSE,FALSE
Conservation scientists and foresters,25000,NA,NA,NA,NA,FALSE,FALSE,FALSE,NA,FALSE,FALSE
Medical scientists,136000,52.8,5.3,22.4,5.8,FALSE,FALSE,FALSE,NA,FALSE,FALSE
"Life scientists, all other",0,NA,NA,NA,NA,FALSE,FALSE,FALSE,NA,FALSE,FALSE
Astronomers and physicists,25000,NA,NA,NA,NA,FALSE,FALSE,FALSE,NA,FALSE,FALSE
Atmospheric and space scientists,15000,NA,NA,NA,NA,FALSE,FALSE,FALSE,NA,FALSE,FALSE
Chemists and materials scientists,105000,44.2,4,9.2,9.4,FALSE,TRUE,FALSE,chemist,FALSE,FALSE
Environmental scientists and geoscientists,105000,25.7,7,1.3,1.7,FALSE,FALSE,FALSE,NA,FALSE,FALSE
"Physical scientists, all other",154000,35.1,2.7,20.4,3.8,FALSE,FALSE,FALSE,NA,FALSE,FALSE
Economists,26000,NA,NA,NA,NA,FALSE,FALSE,FALSE,NA,FALSE,FALSE
Survey researchers,2000,NA,NA,NA,NA,FALSE,FALSE,FALSE,NA,FALSE,FALSE
Psychologists,178000,72.7,6,3.9,6.3,FALSE,TRUE,FALSE,psychologist,FALSE,FALSE
Sociologists,7000,NA,NA,NA,NA,FALSE,FALSE,FALSE,NA,FALSE,FALSE
Urban and regional planners,28000,NA,NA,NA,NA,FALSE,FALSE,FALSE,NA,FALSE,FALSE
Miscellaneous social scientists and related workers,57000,54.3,10.8,5.5,7,FALSE,FALSE,FALSE,NA,FALSE,FALSE
Agricultural and food science technicians,32000,NA,NA,NA,NA,FALSE,FALSE,FALSE,NA,FALSE,FALSE
Biological technicians,19000,NA,NA,NA,NA,FALSE,FALSE,FALSE,NA,FALSE,FALSE
Chemical technicians,70000,29.9,15.4,4.8,7.4,FALSE,FALSE,FALSE,NA,FALSE,FALSE
Geological and petroleum technicians,21000,NA,NA,NA,NA,FALSE,FALSE,FALSE,NA,FALSE,FALSE
Nuclear technicians,3000,NA,NA,NA,NA,FALSE,FALSE,FALSE,NA,FALSE,FALSE
Social science research assistants,3000,NA,NA,NA,NA,FALSE,FALSE,FALSE,NA,FALSE,FALSE
"Miscellaneous life, physical, and social science technicians",160000,52.8,12.8,14.4,10.4,FALSE,FALSE,FALSE,NA,FALSE,FALSE
Counselors,661000,69.3,19.4,2.9,10.7,FALSE,TRUE,FALSE,counselor,FALSE,FALSE
Social workers,734000,80.6,23,3.1,12.6,FALSE,TRUE,FALSE,social worker,FALSE,FALSE
Probation officers and correctional treatment specialists,88000,47.5,20.7,1.3,15,FALSE,TRUE,TRUE,probation officer,FALSE,FALSE
Social and human service assistants,151000,77.1,24.4,3.8,15.5,FALSE,FALSE,FALSE,NA,FALSE,FALSE
"Miscellaneous community and social service specialists, including health educators and community health workers",94000,75.7,16.9,2.4,18.4,FALSE,FALSE,FALSE,NA,FALSE,FALSE
Clergy,408000,20.5,11.2,4.2,6.1,FALSE,TRUE,FALSE,clergy member,FALSE,FALSE
"Directors, religious activities and education",61000,66.3,7.4,2.1,5.9,FALSE,FALSE,FALSE,NA,FALSE,FALSE
"Religious workers, all other",69000,62.4,10,2.8,8.9,FALSE,FALSE,FALSE,NA,FALSE,FALSE
Lawyers,1061000,31.1,4.4,4.3,4,FALSE,TRUE,FALSE,lawyer,FALSE,FALSE
Judicial law clerks,17000,NA,NA,NA,NA,FALSE,FALSE,FALSE,NA,FALSE,FALSE
"Judges, magistrates, and other judicial workers",67000,39,12.8,0.7,4.5,FALSE,TRUE,TRUE,judge,FALSE,FALSE
Paralegals and legal assistants,418000,85.9,10.7,4.6,17,FALSE,TRUE,FALSE,paralegal,FALSE,FALSE
Miscellaneous legal support workers,223000,79,11.9,1.4,7,FALSE,FALSE,FALSE,NA,FALSE,FALSE
Postsecondary teachers,1350000,48.2,7.9,11.3,6.2,FALSE,TRUE,FALSE,professor?,TRUE,FALSE
Preschool and kindergarten teachers,678000,98.1,11.8,4.2,12,FALSE,TRUE,TRUE,kindergarten teacher,FALSE,FALSE
Elementary and middle school teachers,2838000,81.4,9.8,2.1,10.3,FALSE,TRUE,FALSE,primary school teacher,FALSE,FALSE
Secondary school teachers,1127000,57.3,6,3.1,7.6,FALSE,TRUE,FALSE,high school teacher,FALSE,FALSE
Special education teachers,366000,86.2,6.9,1.1,9.4,FALSE,TRUE,FALSE,special ed teacher,FALSE,FALSE
Other teachers and instructors,860000,65.6,10.7,5.9,9.5,FALSE,TRUE,FALSE,NA,FALSE,FALSE
"Archivists, curators, and museum technicians",46000,NA,NA,NA,NA,FALSE,FALSE,FALSE,NA,FALSE,FALSE
Librarians,181000,86.8,7.9,2.5,2.8,FALSE,TRUE,FALSE,librarian,FALSE,FALSE
Library technicians,45000,NA,NA,NA,NA,FALSE,FALSE,FALSE,NA,FALSE,FALSE
Teacher assistants,898000,91.1,14.5,2.7,15.7,FALSE,FALSE,FALSE,NA,FALSE,FALSE
"Other education, training, and library workers",153000,67.3,11.7,2.5,11.8,FALSE,FALSE,FALSE,NA,FALSE,FALSE
Artists and related workers,212000,51.6,4,9.3,6.6,FALSE,TRUE,TRUE,artist,FALSE,FALSE
Designers,756000,55.3,3.9,5.9,8.9,FALSE,TRUE,FALSE,designer,FALSE,FALSE
Actors,37000,NA,NA,NA,NA,FALSE,FALSE,FALSE,NA,FALSE,FALSE
Producers and directors,121000,40.8,8.2,3.3,4.9,FALSE,TRUE,FALSE,NA,FALSE,FALSE
"Athletes, coaches, umpires, and related workers",267000,36.5,6.4,1.4,9,FALSE,TRUE,FALSE,NA,FALSE,FALSE
Dancers and choreographers,21000,NA,NA,NA,NA,FALSE,FALSE,FALSE,NA,FALSE,FALSE
"Musicians, singers, and related workers",203000,35.5,10.9,2.8,6.7,FALSE,TRUE,TRUE,musician,FALSE,FALSE
"Entertainers and performers, sports and related workers, all other",41000,NA,NA,NA,NA,FALSE,FALSE,FALSE,NA,FALSE,FALSE
Announcers,50000,23.6,12,8.3,15.3,FALSE,TRUE,FALSE,announcer,FALSE,FALSE
"News analysts, reporters and correspondents",82000,45.7,9.2,6.1,5.9,FALSE,TRUE,FALSE,journalist?,TRUE,FALSE
Public relations specialists,155000,58.2,7.3,5.8,8,FALSE,TRUE,FALSE,PR person,FALSE,FALSE
Editors,159000,50.7,4.8,3.2,6.5,FALSE,TRUE,FALSE,editor,FALSE,FALSE
Technical writers,58000,55.5,2.7,6.7,3.7,FALSE,TRUE,FALSE,technical writer,FALSE,FALSE
Writers and authors,208000,55.6,5.4,4.2,2.9,FALSE,TRUE,FALSE,author,FALSE,FALSE
Miscellaneous media and communication workers,98000,79.2,5.6,15,35,FALSE,FALSE,FALSE,NA,FALSE,FALSE
Broadcast and sound engineering technicians and radio operators,108000,8.4,4.1,1.6,12.6,FALSE,FALSE,FALSE,NA,FALSE,FALSE
Photographers,178000,52.2,6.2,4.3,10.7,FALSE,TRUE,FALSE,photographer,FALSE,FALSE
"Television, video, and motion picture camera operators and editors",57000,21.4,4.4,5.6,10.7,FALSE,FALSE,FALSE,NA,FALSE,FALSE
"Media and communication equipment workers, all other",2000,NA,NA,NA,NA,FALSE,FALSE,FALSE,NA,FALSE,FALSE
Chiropractors,58000,22.3,0,3.5,4,FALSE,TRUE,FALSE,chiropractor,FALSE,FALSE
Dentists,167000,24.2,1.7,10.6,2.5,FALSE,TRUE,FALSE,dentist,FALSE,FALSE
Dietitians and nutritionists,116000,93.3,13.7,5.1,7.2,FALSE,TRUE,TRUE,dietician or nutritionist,FALSE,FALSE
Optometrists,33000,NA,NA,NA,NA,FALSE,FALSE,FALSE,NA,FALSE,FALSE
Pharmacists,286000,53.7,6.8,18.5,5.1,FALSE,TRUE,FALSE,pharmacist,FALSE,FALSE
Physicians and surgeons,911000,34.3,7.2,18.1,5.2,FALSE,TRUE,FALSE,doctor,FALSE,FALSE
Physician assistants,108000,69.4,8.2,9,8.8,FALSE,FALSE,FALSE,NA,FALSE,FALSE
Podiatrists,9000,NA,NA,NA,NA,FALSE,FALSE,FALSE,NA,FALSE,FALSE
Audiologists,14000,NA,NA,NA,NA,FALSE,FALSE,FALSE,NA,FALSE,FALSE
Occupational therapists,118000,94,2.5,4,5.8,FALSE,FALSE,FALSE,NA,FALSE,FALSE
Physical therapists,211000,70.7,4.4,9.1,9.4,FALSE,TRUE,FALSE,physical therapist,FALSE,FALSE
Radiation therapists,14000,NA,NA,NA,NA,FALSE,FALSE,FALSE,NA,FALSE,FALSE
Recreational therapists,13000,NA,NA,NA,NA,FALSE,FALSE,FALSE,NA,FALSE,FALSE
Respiratory therapists,111000,60.4,12.1,5.6,10.6,FALSE,FALSE,FALSE,NA,FALSE,FALSE
Speech-language pathologists,146000,95.2,3.1,1.7,8.3,FALSE,FALSE,FALSE,NA,FALSE,FALSE
Exercise physiologists,2000,NA,NA,NA,NA,FALSE,FALSE,FALSE,NA,FALSE,FALSE
"Therapists, all other",148000,83.6,10.3,2.9,8.7,FALSE,FALSE,FALSE,NA,FALSE,FALSE
Veterinarians,85000,54.7,1.9,1.3,6.1,FALSE,TRUE,FALSE,veterinarians,FALSE,FALSE
Registered nurses,2875000,90.6,11.5,7.3,6.2,FALSE,TRUE,FALSE,nurse,FALSE,FALSE
Nurse anesthetists,27000,NA,NA,NA,NA,FALSE,FALSE,FALSE,NA,FALSE,FALSE
Nurse midwives,3000,NA,NA,NA,NA,FALSE,FALSE,FALSE,NA,FALSE,FALSE
Nurse practitioners,103000,86.1,4.5,4.6,2.9,FALSE,TRUE,FALSE,nurse practitioner,FALSE,FALSE
"Health diagnosing and treating practitioners, all other",23000,NA,NA,NA,NA,FALSE,FALSE,FALSE,NA,FALSE,FALSE
Clinical laboratory technologists and technicians,319000,72.8,13.5,14,10.7,FALSE,TRUE,FALSE,lab tech,FALSE,FALSE
Dental hygienists,163000,99.3,3.3,5.6,8.1,FALSE,TRUE,FALSE,dental hygienist,FALSE,FALSE
Diagnostic related technologists and technicians,308000,74.5,9,4.1,7.8,FALSE,FALSE,FALSE,NA,FALSE,FALSE
Emergency medical technicians and paramedics,172000,31.2,5,1.6,8.1,FALSE,TRUE,FALSE,paramedic,FALSE,FALSE
Health practitioner support technologists and technicians,544000,83.6,15.8,5.9,12.2,FALSE,FALSE,FALSE,NA,FALSE,FALSE
Licensed practical and licensed vocational nurses,531000,94.2,23.3,5.1,9.4,FALSE,FALSE,FALSE,NA,FALSE,FALSE
Medical records and health information technicians,90000,89.3,17.1,4.3,15.6,FALSE,FALSE,FALSE,NA,FALSE,FALSE
"Opticians, dispensing",54000,59.6,8.2,3.8,4.1,FALSE,TRUE,FALSE,optician,FALSE,FALSE
Miscellaneous health technologists and technicians,140000,60.2,18.7,11,10,FALSE,FALSE,FALSE,NA,FALSE,FALSE
Other healthcare practitioners and technical occupations,75000,50.3,8.8,3.1,5.6,FALSE,FALSE,FALSE,NA,FALSE,FALSE
"Nursing, psychiatric, and home health aides",2119000,87.9,34.5,4.6,14.2,FALSE,FALSE,FALSE,NA,FALSE,FALSE
Occupational therapy assistants and aides,18000,NA,NA,NA,NA,FALSE,FALSE,FALSE,NA,FALSE,FALSE
Physical therapist assistants and aides,66000,66.4,14.7,3.6,5.6,FALSE,FALSE,FALSE,NA,FALSE,FALSE
Massage therapists,158000,81.5,5.4,7.7,12,FALSE,TRUE,FALSE,massage therapist,FALSE,FALSE
Dental assistants,274000,97.9,9.6,3.6,21.2,FALSE,FALSE,FALSE,NA,FALSE,FALSE
Medical assistants,429000,93.8,15,3.8,22.9,FALSE,FALSE,FALSE,NA,FALSE,FALSE
Medical transcriptionists,55000,98.2,7,0.3,4,FALSE,FALSE,FALSE,NA,FALSE,FALSE
Pharmacy aides,45000,NA,NA,NA,NA,FALSE,FALSE,FALSE,NA,FALSE,FALSE
Veterinary assistants and laboratory animal caretakers,47000,NA,NA,NA,NA,FALSE,FALSE,FALSE,NA,FALSE,FALSE
Phlebotomists,119000,80.2,26.5,4.8,15.7,FALSE,FALSE,FALSE,NA,FALSE,FALSE
"Miscellaneous healthcare support occupations, including medical equipment preparers",166000,69,21.9,4,9.9,FALSE,FALSE,FALSE,NA,FALSE,FALSE
First-line supervisors of correctional officers,46000,NA,NA,NA,NA,FALSE,FALSE,FALSE,NA,FALSE,FALSE
First-line supervisors of police and detectives,112000,15.2,9.2,4.4,10.6,FALSE,FALSE,FALSE,NA,FALSE,FALSE
First-line supervisors of fire fighting and prevention workers,64000,0.5,10.7,0,6.6,FALSE,FALSE,FALSE,NA,FALSE,FALSE
"First-line supervisors of protective service workers, all other",93000,29.9,17.4,0.4,12.5,FALSE,FALSE,FALSE,NA,FALSE,FALSE
Firefighters,295000,3.4,7.7,1.1,9.9,FALSE,TRUE,FALSE,firefighter,FALSE,FALSE
Fire inspectors,18000,NA,NA,NA,NA,FALSE,FALSE,FALSE,NA,FALSE,FALSE
"Bailiffs, correctional officers, and jailers",371000,28,22.7,1.1,18.3,FALSE,FALSE,FALSE,NA,FALSE,FALSE
Detectives and criminal investigators,160000,24.8,9.8,3.5,10.4,FALSE,TRUE,FALSE,detective,FALSE,FALSE
Fish and game wardens,7000,NA,NA,NA,NA,FALSE,FALSE,FALSE,NA,FALSE,FALSE
Parking enforcement workers,4000,NA,NA,NA,NA,FALSE,FALSE,FALSE,NA,FALSE,FALSE
Police and sheriffâ€™s patrol officers,657000,12.6,12.8,3.1,13.8,FALSE,TRUE,FALSE,police officer,FALSE,FALSE
Transit and railroad police,3000,NA,NA,NA,NA,FALSE,FALSE,FALSE,NA,FALSE,FALSE
Animal control workers,11000,NA,NA,NA,NA,FALSE,FALSE,FALSE,NA,FALSE,FALSE
Private detectives and investigators,103000,44,8,2.2,11.1,FALSE,TRUE,FALSE,private investigator,FALSE,FALSE
Security guards and gaming surveillance officers,903000,18.5,26.6,4.1,15.8,FALSE,TRUE,FALSE,security guard,FALSE,FALSE
Crossing guards,61000,55.3,19.7,1.8,16.1,FALSE,TRUE,FALSE,crossing guard,FALSE,FALSE
Transportation security screeners,25000,NA,NA,NA,NA,FALSE,FALSE,FALSE,NA,FALSE,FALSE
"Lifeguards and other recreational, and all other protective service workers",162000,52.6,7.8,1.2,9.2,FALSE,TRUE,FALSE,NA,FALSE,FALSE
Chefs and head cooks,403000,21.5,11.9,14.2,18.6,FALSE,TRUE,FALSE,chef,FALSE,FALSE
First-line supervisors of food preparation and serving workers,552000,59.3,13.9,4,17.2,FALSE,FALSE,FALSE,NA,FALSE,FALSE
Cooks,1970000,37.7,16.6,6,31.7,FALSE,TRUE,FALSE,cook,FALSE,FALSE
Food preparation workers,868000,58,12.1,5.7,27.5,FALSE,FALSE,FALSE,NA,FALSE,FALSE
Bartenders,412000,59.9,5.2,3.5,13.2,FALSE,TRUE,FALSE,bartender,FALSE,FALSE
"Combined food preparation and serving workers, including fast food",343000,64.9,14.1,3.1,18,FALSE,FALSE,FALSE,NA,FALSE,FALSE
"Counter attendants, cafeteria, food concession, and coffee shop",233000,70.8,10.9,4.8,16.6,FALSE,FALSE,FALSE,NA,FALSE,FALSE
Waiters and waitresses,2124000,71.2,7.9,7.1,19.6,FALSE,TRUE,FALSE,NA,FALSE,FALSE
"Food servers, nonrestaurant",217000,64.9,22.2,6.4,20.1,FALSE,FALSE,FALSE,NA,FALSE,FALSE
Dining room and cafeteria attendants and bartender helpers,359000,43.4,10,5.5,31.7,FALSE,FALSE,FALSE,NA,FALSE,FALSE
Dishwashers,271000,18.7,12.9,5.5,40.5,FALSE,TRUE,FALSE,dishwasher,FALSE,FALSE
"Hosts and hostesses, restaurant, lounge, and coffee shop",260000,81.5,10.2,5.4,14.8,FALSE,TRUE,FALSE,NA,FALSE,FALSE
"Food preparation and serving related workers, all other",6000,NA,NA,NA,NA,FALSE,FALSE,FALSE,NA,FALSE,FALSE
First-line supervisors of housekeeping and janitorial workers,277000,47.1,16.9,3.3,21.7,FALSE,FALSE,FALSE,NA,FALSE,FALSE
"First-line supervisors of landscaping, lawn service, and groundskeeping workers",281000,7.6,6.6,1.1,19.8,FALSE,FALSE,FALSE,NA,FALSE,FALSE
Janitors and building cleaners,2205000,29.7,18.4,3.6,30.9,FALSE,TRUE,FALSE,custodian,FALSE,FALSE
Maids and housekeeping cleaners,1457000,88.1,17.2,4.8,43.3,FALSE,TRUE,FALSE,housekeeper,FALSE,FALSE
Pest control workers,73000,4.7,7.7,0.1,20.4,FALSE,TRUE,FALSE,exterminator,FALSE,FALSE
Grounds maintenance workers,1298000,5.1,8.7,1.7,44.4,FALSE,TRUE,FALSE,groundskeeper,FALSE,FALSE
First-line supervisors of gaming workers,146000,43,5.2,9.2,10.1,FALSE,FALSE,FALSE,NA,FALSE,FALSE
First-line supervisors of personal service workers,246000,70.3,10.7,19.8,9.3,FALSE,FALSE,FALSE,NA,FALSE,FALSE
Animal trainers,44000,NA,NA,NA,NA,FALSE,FALSE,FALSE,NA,FALSE,FALSE
Nonfarm animal caretakers,179000,74.2,4.3,1.8,12.2,FALSE,FALSE,FALSE,NA,FALSE,FALSE
Gaming services workers,106000,51,9.4,24.3,13.5,FALSE,FALSE,FALSE,NA,FALSE,FALSE
Motion picture projectionists,2000,NA,NA,NA,NA,FALSE,FALSE,FALSE,NA,FALSE,FALSE
"Ushers, lobby attendants, and ticket takers",43000,NA,NA,NA,NA,FALSE,FALSE,FALSE,NA,FALSE,FALSE
Miscellaneous entertainment attendants and related workers,180000,45.4,14,5.1,17.6,FALSE,FALSE,FALSE,NA,FALSE,FALSE
Embalmers and funeral attendants,16000,NA,NA,NA,NA,FALSE,FALSE,FALSE,NA,FALSE,FALSE
"Morticians, undertakers, and funeral directors",38000,NA,NA,NA,NA,FALSE,FALSE,FALSE,NA,FALSE,FALSE
Barbers,109000,21.9,38.2,2.5,24.1,FALSE,TRUE,FALSE,barber,FALSE,FALSE
"Hairdressers, hairstylists, and cosmetologists",785000,92.8,13.2,6.5,15,FALSE,TRUE,FALSE,hairdresser,FALSE,FALSE
Miscellaneous personal appearance workers,300000,81.5,5.3,59.6,9.5,FALSE,FALSE,FALSE,NA,FALSE,FALSE
"Baggage porters, bellhops, and concierges",68000,25,20.8,13.1,18,FALSE,TRUE,FALSE,NA,FALSE,FALSE
Tour and travel guides,51000,36.9,3.6,7.1,15.1,FALSE,TRUE,FALSE,tour guide,FALSE,FALSE
Childcare workers,1314000,94.1,15.3,3.3,20.3,FALSE,TRUE,FALSE,childcare worker,FALSE,FALSE
Personal care aides,1071000,84.7,21.8,7.9,21.2,FALSE,FALSE,FALSE,NA,FALSE,FALSE
Recreation and fitness workers,406000,66.5,10,4.5,9.7,FALSE,TRUE,FALSE,personal trainer?,TRUE,FALSE
Residential advisors,58000,61.4,29.1,1.4,5.4,FALSE,FALSE,FALSE,NA,FALSE,FALSE
"Personal care and service workers, all other",95000,45.7,5.5,3.3,17.5,FALSE,FALSE,FALSE,NA,FALSE,FALSE
First-line supervisors of retail sales workers,3237000,43.4,8.6,5.9,11.3,FALSE,FALSE,FALSE,NA,FALSE,FALSE
First-line supervisors of non-retail sales workers,1151000,24.7,7.2,5,10.4,FALSE,FALSE,FALSE,NA,FALSE,FALSE
Cashiers,3275000,71.8,17.2,7.3,19.9,FALSE,TRUE,FALSE,cashier,FALSE,FALSE
Counter and rental clerks,139000,53.4,8.9,5.2,19.6,FALSE,FALSE,FALSE,NA,FALSE,FALSE
Parts salespersons,106000,13.3,8.3,4.1,12.3,FALSE,FALSE,FALSE,NA,FALSE,FALSE
Retail salespersons,3341000,50.2,12.5,4.4,15.3,FALSE,FALSE,FALSE,NA,FALSE,FALSE
Advertising sales agents,230000,47.4,9.9,2.3,7.6,FALSE,FALSE,FALSE,NA,FALSE,FALSE
Insurance sales agents,540000,44.1,8.1,1.8,10.3,FALSE,TRUE,FALSE,insurance sales agent,FALSE,FALSE
"Securities, commodities, and financial services sales agents",280000,27.9,3.4,8.3,8.9,FALSE,FALSE,FALSE,NA,FALSE,FALSE
Travel agents,73000,79,2.5,9.3,4.8,FALSE,TRUE,FALSE,travel agent,FALSE,FALSE
"Sales representatives, services, all other",457000,31,7.9,3.7,10.1,FALSE,FALSE,FALSE,NA,FALSE,FALSE
"Sales representatives, wholesale and manufacturing",1277000,27,3.7,3.7,9.4,FALSE,FALSE,FALSE,NA,FALSE,FALSE
"Models, demonstrators, and product promoters",65000,83.4,19.4,4,10.6,FALSE,FALSE,FALSE,NA,FALSE,FALSE
Real estate brokers and sales agents,761000,57.1,4,4.7,8.7,FALSE,TRUE,FALSE,real estate agent,FALSE,FALSE
Sales engineers,27000,NA,NA,NA,NA,FALSE,FALSE,FALSE,NA,FALSE,FALSE
Telemarketers,97000,50.3,23,1.1,14.7,FALSE,TRUE,FALSE,telemarketer,FALSE,FALSE
"Door-to-door sales workers, news and street vendors, and related workers",198000,62.2,10.2,3.8,13.5,FALSE,FALSE,FALSE,NA,FALSE,FALSE
"Sales and related workers, all other",204000,47.9,7.7,4.7,10.3,FALSE,FALSE,FALSE,NA,FALSE,FALSE
First-line supervisors of office and administrative support workers,1416000,68.5,11.3,3.5,11.9,FALSE,FALSE,FALSE,NA,FALSE,FALSE
"Switchboard operators, including answering service",35000,NA,NA,NA,NA,FALSE,FALSE,FALSE,NA,FALSE,FALSE
Telephone operators,42000,NA,NA,NA,NA,FALSE,FALSE,FALSE,NA,FALSE,FALSE
"Communications equipment operators, all other",9000,NA,NA,NA,NA,FALSE,FALSE,FALSE,NA,FALSE,FALSE
Bill and account collectors,206000,69.1,15.3,3.6,17.6,FALSE,TRUE,FALSE,bill collector,FALSE,FALSE
Billing and posting clerks,475000,90.1,11.8,4,16.2,FALSE,FALSE,FALSE,NA,FALSE,FALSE
"Bookkeeping, accounting, and auditing clerks",1268000,89.1,7.6,5,9,FALSE,TRUE,FALSE,NA,FALSE,FALSE
Gaming cage workers,8000,NA,NA,NA,NA,FALSE,FALSE,FALSE,NA,FALSE,FALSE
Payroll and timekeeping clerks,155000,92.6,9.5,4.6,15.1,FALSE,FALSE,FALSE,NA,FALSE,FALSE
Procurement clerks,27000,NA,NA,NA,NA,FALSE,FALSE,FALSE,NA,FALSE,FALSE
Tellers,380000,87.3,11.6,5.7,18.6,FALSE,TRUE,FALSE,teller,FALSE,FALSE
"Financial clerks, all other",52000,68.4,17.1,4.1,16.6,FALSE,FALSE,FALSE,NA,FALSE,FALSE
Brokerage clerks,5000,NA,NA,NA,NA,FALSE,FALSE,FALSE,NA,FALSE,FALSE
Correspondence clerks,6000,NA,NA,NA,NA,FALSE,FALSE,FALSE,NA,FALSE,FALSE
"Court, municipal, and license clerks",85000,77.2,23,1.2,13.4,FALSE,FALSE,FALSE,NA,FALSE,FALSE
"Credit authorizers, checkers, and clerks",43000,NA,NA,NA,NA,FALSE,FALSE,FALSE,NA,FALSE,FALSE
Customer service representatives,1956000,67.8,16.2,4.2,18,FALSE,TRUE,FALSE,customer service representative,FALSE,FALSE
"Eligibility interviewers, government programs",92000,81.4,19.8,2.1,23.1,FALSE,FALSE,FALSE,NA,FALSE,FALSE
File clerks,292000,81.3,14.1,4.6,16.4,FALSE,FALSE,FALSE,NA,FALSE,FALSE
"Hotel, motel, and resort desk clerks",110000,64.6,18.4,6.3,18.6,FALSE,FALSE,FALSE,NA,FALSE,FALSE
"Interviewers, except eligibility and loan",135000,83.7,20,6,12.1,FALSE,FALSE,FALSE,NA,FALSE,FALSE
"Library assistants, clerical",97000,84,7,3.2,5.8,FALSE,FALSE,FALSE,NA,FALSE,FALSE
Loan interviewers and clerks,144000,81.2,10.9,4,10.4,FALSE,FALSE,FALSE,NA,FALSE,FALSE
New accounts clerks,26000,NA,NA,NA,NA,FALSE,FALSE,FALSE,NA,FALSE,FALSE
Order clerks,104000,58.2,5.8,4.1,21.3,FALSE,FALSE,FALSE,NA,FALSE,FALSE
"Human resources assistants, except payroll and timekeeping",132000,82.7,18.3,1.9,7.9,FALSE,FALSE,FALSE,NA,FALSE,FALSE
Receptionists and information clerks,1237000,91.5,12.1,4.3,17.9,FALSE,TRUE,FALSE,receptionist,FALSE,FALSE
Reservation and transportation ticket agents and travel clerks,117000,58.6,21.8,10.9,21.5,FALSE,FALSE,FALSE,NA,FALSE,FALSE
"Information and record clerks, all other",104000,80.2,17,2.5,13.4,FALSE,FALSE,FALSE,NA,FALSE,FALSE
Cargo and freight agents,25000,NA,NA,NA,NA,FALSE,FALSE,FALSE,NA,FALSE,FALSE
Couriers and messengers,213000,15.5,13,2.4,16.9,FALSE,TRUE,FALSE,courier,FALSE,FALSE
Dispatchers,277000,61.5,13.5,2.3,16.7,FALSE,FALSE,FALSE,NA,FALSE,FALSE
"Meter readers, utilities",29000,NA,NA,NA,NA,FALSE,FALSE,FALSE,NA,FALSE,FALSE
Postal service clerks,148000,50,21.3,9.5,12,FALSE,FALSE,FALSE,NA,FALSE,FALSE
Postal service mail carriers,318000,37.7,16.5,6.7,8.8,FALSE,TRUE,FALSE,mail carrier,FALSE,FALSE
"Postal service mail sorters, processors, and processing machine operators",66000,47.6,28.6,12.7,9.8,FALSE,FALSE,FALSE,NA,FALSE,FALSE
"Production, planning, and expediting clerks",272000,55,11,3.2,12.5,FALSE,FALSE,FALSE,NA,FALSE,FALSE
"Shipping, receiving, and traffic clerks",527000,27.8,15.6,3.6,23.7,FALSE,FALSE,FALSE,NA,FALSE,FALSE
Stock clerks and order fillers,1453000,35.5,16.7,4.5,18.1,FALSE,FALSE,FALSE,NA,FALSE,FALSE
"Weighers, measurers, checkers, and samplers, recordkeeping",74000,49.1,19.9,2.8,21.9,FALSE,FALSE,FALSE,NA,FALSE,FALSE
Secretaries and administrative assistants,2904000,95.3,8.6,3.2,10.3,FALSE,TRUE,FALSE,administrative assistant,FALSE,FALSE
Computer operators,102000,50.7,12.2,6.5,10.7,FALSE,FALSE,FALSE,NA,FALSE,FALSE
Data entry keyers,337000,77,14,5.1,13.8,FALSE,FALSE,FALSE,NA,FALSE,FALSE
Word processors and typists,119000,88.7,12.4,2.8,12.9,FALSE,TRUE,FALSE,typist,FALSE,FALSE
Desktop publishers,3000,NA,NA,NA,NA,FALSE,FALSE,FALSE,NA,FALSE,FALSE
Insurance claims and policy processing clerks,230000,81.9,12.7,3.6,13.7,FALSE,FALSE,FALSE,NA,FALSE,FALSE
"Mail clerks and mail machine operators, except postal service",81000,41.2,18.1,10.6,10.1,FALSE,FALSE,FALSE,NA,FALSE,FALSE
"Office clerks, general",1103000,83.4,12.4,5,16.9,FALSE,FALSE,FALSE,NA,FALSE,FALSE
"Office machine operators, except computer",46000,NA,NA,NA,NA,FALSE,FALSE,FALSE,NA,FALSE,FALSE
Proofreaders and copy markers,10000,NA,NA,NA,NA,FALSE,FALSE,FALSE,NA,FALSE,FALSE
Statistical assistants,32000,NA,NA,NA,NA,FALSE,FALSE,FALSE,NA,FALSE,FALSE
"Office and administrative support workers, all other",570000,77.3,14.1,3.9,11,FALSE,FALSE,FALSE,NA,FALSE,FALSE
"First-line supervisors of farming, fishing, and forestry workers",50000,14.1,7.8,4.2,23.9,FALSE,FALSE,FALSE,NA,FALSE,FALSE
Agricultural inspectors,16000,NA,NA,NA,NA,FALSE,FALSE,FALSE,NA,FALSE,FALSE
Animal breeders,6000,NA,NA,NA,NA,FALSE,FALSE,FALSE,NA,FALSE,FALSE
"Graders and sorters, agricultural products",118000,59.8,16.6,2.1,58,FALSE,FALSE,FALSE,NA,FALSE,FALSE
Miscellaneous agricultural workers,711000,18.9,3.2,1.5,48.9,FALSE,FALSE,FALSE,NA,FALSE,FALSE
Fishers and related fishing workers,33000,NA,NA,NA,NA,FALSE,FALSE,FALSE,NA,FALSE,FALSE
Hunters and trappers,2000,NA,NA,NA,NA,FALSE,FALSE,FALSE,NA,FALSE,FALSE
Forest and conservation workers,9000,NA,NA,NA,NA,FALSE,FALSE,FALSE,NA,FALSE,FALSE
Logging workers,49000,NA,NA,NA,NA,FALSE,FALSE,FALSE,NA,FALSE,FALSE
First-line supervisors of construction trades and extraction workers,634000,2.8,4.5,1.3,14,FALSE,TRUE,FALSE,foreman?,TRUE,FALSE
Boilermakers,23000,NA,NA,NA,NA,FALSE,FALSE,FALSE,NA,FALSE,FALSE
"Brickmasons, blockmasons, and stonemasons",122000,0.1,5.8,0.3,43.2,FALSE,TRUE,TRUE,brickmason or blockmason or stonemason,FALSE,FALSE
Carpenters,1223000,1.6,4.2,1.9,29,FALSE,TRUE,FALSE,carpenter,FALSE,FALSE
"Carpet, floor, and tile installers and finishers",150000,2.2,8.8,0.4,37.8,FALSE,FALSE,FALSE,NA,FALSE,FALSE
"Cement masons, concrete finishers, and terrazzo workers",68000,2.7,5.8,3.1,53.3,FALSE,TRUE,FALSE,NA,FALSE,FALSE
Construction laborers,1387000,2.9,8.4,2,41.2,FALSE,TRUE,FALSE,construction worker,FALSE,FALSE
"Paving, surfacing, and tamping equipment operators",23000,NA,NA,NA,NA,FALSE,FALSE,FALSE,NA,FALSE,FALSE
Pile-driver operators,4000,NA,NA,NA,NA,FALSE,FALSE,FALSE,NA,FALSE,FALSE
Operating engineers and other construction equipment operators,348000,1.3,6,0.2,17.1,FALSE,FALSE,FALSE,NA,FALSE,FALSE
"Drywall installers, ceiling tile installers, and tapers",129000,0.3,2.7,0,62,FALSE,FALSE,FALSE,NA,FALSE,FALSE
Electricians,692000,1.8,6,2.3,14.8,FALSE,TRUE,FALSE,electrician,FALSE,FALSE
Glaziers,46000,NA,NA,NA,NA,FALSE,FALSE,FALSE,NA,FALSE,FALSE
Insulation workers,44000,NA,NA,NA,NA,FALSE,FALSE,FALSE,NA,FALSE,FALSE
"Painters, construction and maintenance",485000,5.5,5.5,2,42.6,FALSE,TRUE,FALSE,building painter,FALSE,FALSE
Paperhangers,7000,NA,NA,NA,NA,FALSE,FALSE,FALSE,NA,FALSE,FALSE
"Pipelayers, plumbers, pipefitters, and steamfitters",534000,1.3,6.6,1.5,20.9,FALSE,TRUE,FALSE,plumber,FALSE,FALSE
Plasterers and stucco masons,18000,NA,NA,NA,NA,FALSE,FALSE,FALSE,NA,FALSE,FALSE
Reinforcing iron and rebar workers,8000,NA,NA,NA,NA,FALSE,FALSE,FALSE,NA,FALSE,FALSE
Roofers,196000,1.5,7,0.5,45.1,FALSE,TRUE,FALSE,roofer,FALSE,FALSE
Sheet metal workers,123000,4.6,3.2,1.7,12.1,FALSE,FALSE,FALSE,NA,FALSE,FALSE
Structural iron and steel workers,65000,2.8,6.5,0,15.8,FALSE,FALSE,FALSE,NA,FALSE,FALSE
Solar photovoltaic installers,7000,NA,NA,NA,NA,FALSE,FALSE,FALSE,NA,FALSE,FALSE
"Helpers, construction trades",53000,4.5,12.1,1.3,38.4,FALSE,FALSE,FALSE,NA,FALSE,FALSE
Construction and building inspectors,118000,7.8,5.5,2.1,7.7,FALSE,TRUE,FALSE,building inspector,FALSE,FALSE
Elevator installers and repairers,29000,NA,NA,NA,NA,FALSE,FALSE,FALSE,NA,FALSE,FALSE
Fence erectors,33000,NA,NA,NA,NA,FALSE,FALSE,FALSE,NA,FALSE,FALSE
Hazardous materials removal workers,38000,NA,NA,NA,NA,FALSE,FALSE,FALSE,NA,FALSE,FALSE
Highway maintenance workers,108000,1.5,11,0.1,12.4,FALSE,FALSE,FALSE,NA,FALSE,FALSE
Rail-track laying and maintenance equipment operators,10000,NA,NA,NA,NA,FALSE,FALSE,FALSE,NA,FALSE,FALSE
Septic tank servicers and sewer pipe cleaners,8000,NA,NA,NA,NA,FALSE,FALSE,FALSE,NA,FALSE,FALSE
Miscellaneous construction and related workers,32000,NA,NA,NA,NA,FALSE,FALSE,FALSE,NA,FALSE,FALSE
"Derrick, rotary drill, and service unit operators, oil, gas, and mining",37000,NA,NA,NA,NA,FALSE,FALSE,FALSE,NA,FALSE,FALSE
"Earth drillers, except oil and gas",35000,NA,NA,NA,NA,FALSE,FALSE,FALSE,NA,FALSE,FALSE
"Explosives workers, ordnance handling experts, and blasters",8000,NA,NA,NA,NA,FALSE,FALSE,FALSE,NA,FALSE,FALSE
Mining machine operators,65000,0.3,3.8,0,17.2,FALSE,FALSE,FALSE,NA,FALSE,FALSE
"Roof bolters, mining",3000,NA,NA,NA,NA,FALSE,FALSE,FALSE,NA,FALSE,FALSE
"Roustabouts, oil and gas",14000,NA,NA,NA,NA,FALSE,FALSE,FALSE,NA,FALSE,FALSE
Helpers--extraction workers,5000,NA,NA,NA,NA,FALSE,FALSE,FALSE,NA,FALSE,FALSE
Other extraction workers,75000,4.5,5.6,1,26.2,FALSE,FALSE,FALSE,NA,FALSE,FALSE
"First-line supervisors of mechanics, installers, and repairers",292000,5.9,11.3,1,10.4,FALSE,FALSE,FALSE,NA,FALSE,FALSE
"Computer, automated teller, and office machine repairers",296000,10.7,10.8,7.2,9.9,FALSE,FALSE,FALSE,NA,FALSE,FALSE
Radio and telecommunications equipment installers and repairers,158000,5.8,11.2,3.2,13.8,FALSE,FALSE,FALSE,NA,FALSE,FALSE
Avionics technicians,14000,NA,NA,NA,NA,FALSE,FALSE,FALSE,NA,FALSE,FALSE
"Electric motor, power tool, and related repairers",37000,NA,NA,NA,NA,FALSE,FALSE,FALSE,NA,FALSE,FALSE
"Electrical and electronics installers and repairers, transportation equipment",5000,NA,NA,NA,NA,FALSE,FALSE,FALSE,NA,FALSE,FALSE
"Electrical and electronics repairers, industrial and utility",12000,NA,NA,NA,NA,FALSE,FALSE,FALSE,NA,FALSE,FALSE
"Electronic equipment installers and repairers, motor vehicles",18000,NA,NA,NA,NA,FALSE,FALSE,FALSE,NA,FALSE,FALSE
Electronic home entertainment equipment installers and repairers,50000,0.5,11.6,4.3,13.2,FALSE,FALSE,FALSE,NA,FALSE,FALSE
Security and fire alarm systems installers,41000,NA,NA,NA,NA,FALSE,FALSE,FALSE,NA,FALSE,FALSE
Aircraft mechanics and service technicians,153000,1.6,7.5,5.4,14.3,FALSE,TRUE,FALSE,mechanic,FALSE,FALSE
Automotive body and related repairers,140000,1.8,5.7,2.3,25.3,FALSE,FALSE,FALSE,NA,FALSE,FALSE
Automotive glass installers and repairers,22000,NA,NA,NA,NA,FALSE,FALSE,FALSE,NA,FALSE,FALSE
Automotive service technicians and mechanics,867000,1.2,9.6,4.7,21.3,FALSE,TRUE,FALSE,mechanic,FALSE,FALSE
Bus and truck mechanics and diesel engine specialists,316000,0.5,8.6,1.3,13.4,FALSE,TRUE,FALSE,mechanic,FALSE,FALSE
Heavy vehicle and mobile equipment service technicians and mechanics,194000,1,5.4,2,17.3,FALSE,TRUE,FALSE,mechanic,FALSE,FALSE
Small engine mechanics,56000,1.4,4.9,0.2,12.2,FALSE,TRUE,FALSE,mechanic,FALSE,FALSE
"Miscellaneous vehicle and mobile equipment mechanics, installers, and repairers",87000,1.8,8,0,31.4,FALSE,TRUE,FALSE,mechanic,FALSE,FALSE
Control and valve installers and repairers,27000,NA,NA,NA,NA,FALSE,FALSE,FALSE,NA,FALSE,FALSE
"Heating, air conditioning, and refrigeration mechanics and installers",340000,1.6,7.1,3.2,16.2,FALSE,TRUE,FALSE,mechanic,FALSE,FALSE
Home appliance repairers,47000,NA,NA,NA,NA,FALSE,FALSE,FALSE,NA,FALSE,FALSE
Industrial and refractory machinery mechanics,454000,1.9,4.5,2.9,13.3,FALSE,TRUE,FALSE,mechanic,FALSE,FALSE
"Maintenance and repair workers, general",442000,2.2,8.4,3.2,19.4,FALSE,FALSE,FALSE,NA,FALSE,FALSE
"Maintenance workers, machinery",28000,NA,NA,NA,NA,FALSE,FALSE,FALSE,NA,FALSE,FALSE
Millwrights,53000,6.4,2.1,1.4,6.7,FALSE,FALSE,FALSE,NA,FALSE,FALSE
Electrical power-line installers and repairers,110000,2.4,7.8,0.3,7.9,FALSE,FALSE,FALSE,NA,FALSE,FALSE
Telecommunications line installers and repairers,177000,4.8,11.2,1.9,15.7,FALSE,FALSE,FALSE,NA,FALSE,FALSE
Precision instrument and equipment repairers,60000,16,9.1,1.1,13.3,FALSE,FALSE,FALSE,NA,FALSE,FALSE
Wind turbine service technicians,3000,NA,NA,NA,NA,FALSE,FALSE,FALSE,NA,FALSE,FALSE
"Coin, vending, and amusement machine servicers and repairers",33000,NA,NA,NA,NA,FALSE,FALSE,FALSE,NA,FALSE,FALSE
Commercial divers,3000,NA,NA,NA,NA,FALSE,FALSE,FALSE,NA,FALSE,FALSE
Locksmiths and safe repairers,31000,NA,NA,NA,NA,FALSE,FALSE,FALSE,NA,FALSE,FALSE
Manufactured building and mobile home installers,5000,NA,NA,NA,NA,FALSE,FALSE,FALSE,NA,FALSE,FALSE
Riggers,13000,NA,NA,NA,NA,FALSE,FALSE,FALSE,NA,FALSE,FALSE
Signal and track switch repairers,5000,NA,NA,NA,NA,FALSE,FALSE,FALSE,NA,FALSE,FALSE
"Helpers--installation, maintenance, and repair workers",30000,NA,NA,NA,NA,FALSE,FALSE,FALSE,NA,FALSE,FALSE
"Other installation, maintenance, and repair workers",205000,3.6,5.9,1.4,21.2,FALSE,FALSE,FALSE,NA,FALSE,FALSE
First-line supervisors of production and operating workers,808000,19.5,9.4,5.8,13.9,FALSE,FALSE,FALSE,NA,FALSE,FALSE
"Aircraft structure, surfaces, rigging, and systems assemblers",23000,NA,NA,NA,NA,FALSE,FALSE,FALSE,NA,FALSE,FALSE
"Electrical, electronics, and electromechanical assemblers",166000,52.8,13.4,16.3,24,FALSE,FALSE,FALSE,NA,FALSE,FALSE
Engine and other machine assemblers,32000,NA,NA,NA,NA,FALSE,FALSE,FALSE,NA,FALSE,FALSE
Structural metal fabricators and fitters,25000,NA,NA,NA,NA,FALSE,FALSE,FALSE,NA,FALSE,FALSE
Miscellaneous assemblers and fabricators,919000,38.4,15.8,6.9,19.3,FALSE,FALSE,FALSE,NA,FALSE,FALSE
Bakers,199000,53.9,15.6,5.1,28.4,FALSE,TRUE,FALSE,baker,FALSE,FALSE
"Butchers and other meat, poultry, and fish processing workers",311000,23,13.5,7.9,41.6,FALSE,TRUE,FALSE,butcher,FALSE,FALSE
"Food and tobacco roasting, baking, and drying machine operators and tenders",11000,NA,NA,NA,NA,FALSE,FALSE,FALSE,NA,FALSE,FALSE
Food batchmakers,84000,59.6,12.2,5.7,33.5,FALSE,FALSE,FALSE,NA,FALSE,FALSE
Food cooking machine operators and tenders,14000,NA,NA,NA,NA,FALSE,FALSE,FALSE,NA,FALSE,FALSE
"Food processing workers, all other",117000,29.5,15.9,5.9,34.6,FALSE,FALSE,FALSE,NA,FALSE,FALSE
Computer control programmers and operators,67000,8.4,6.4,3.3,17.1,FALSE,FALSE,FALSE,NA,FALSE,FALSE
"Extruding and drawing machine setters, operators, and tenders, metal and plastic",10000,NA,NA,NA,NA,FALSE,FALSE,FALSE,NA,FALSE,FALSE
"Forging machine setters, operators, and tenders, metal and plastic",10000,NA,NA,NA,NA,FALSE,FALSE,FALSE,NA,FALSE,FALSE
"Rolling machine setters, operators, and tenders, metal and plastic",8000,NA,NA,NA,NA,FALSE,FALSE,FALSE,NA,FALSE,FALSE
"Cutting, punching, and press machine setters, operators, and tenders, metal and plastic",87000,18.9,8.4,3.3,22.9,FALSE,FALSE,FALSE,NA,FALSE,FALSE
"Drilling and boring machine tool setters, operators, and tenders, metal and plastic",3000,NA,NA,NA,NA,FALSE,FALSE,FALSE,NA,FALSE,FALSE
"Grinding, lapping, polishing, and buffing machine tool setters, operators, and tenders, metal and plastic",54000,6.6,13.7,0.7,21.8,FALSE,FALSE,FALSE,NA,FALSE,FALSE
"Lathe and turning machine tool setters, operators, and tenders, metal and plastic",17000,NA,NA,NA,NA,FALSE,FALSE,FALSE,NA,FALSE,FALSE
"Milling and planing machine setters, operators, and tenders, metal and plastic",3000,NA,NA,NA,NA,FALSE,FALSE,FALSE,NA,FALSE,FALSE
Machinists,397000,3.8,4.5,4.9,11.7,FALSE,TRUE,FALSE,machinist,FALSE,FALSE
"Metal furnace operators, tenders, pourers, and casters",17000,NA,NA,NA,NA,FALSE,FALSE,FALSE,NA,FALSE,FALSE
"Model makers and patternmakers, metal and plastic",11000,NA,NA,NA,NA,FALSE,FALSE,FALSE,NA,FALSE,FALSE
"Molders and molding machine setters, operators, and tenders, metal and plastic",37000,NA,NA,NA,NA,FALSE,FALSE,FALSE,NA,FALSE,FALSE
"Multiple machine tool setters, operators, and tenders, metal and plastic",5000,NA,NA,NA,NA,FALSE,FALSE,FALSE,NA,FALSE,FALSE
Tool and die makers,56000,0.8,3.1,5.6,4.3,FALSE,FALSE,FALSE,NA,FALSE,FALSE
"Welding, soldering, and brazing workers",593000,4.8,8.7,2.6,23,FALSE,TRUE,FALSE,welder,FALSE,FALSE
"Heat treating equipment setters, operators, and tenders, metal and plastic",4000,NA,NA,NA,NA,FALSE,FALSE,FALSE,NA,FALSE,FALSE
"Layout workers, metal and plastic",4000,NA,NA,NA,NA,FALSE,FALSE,FALSE,NA,FALSE,FALSE
"Plating and coating machine setters, operators, and tenders, metal and plastic",18000,NA,NA,NA,NA,FALSE,FALSE,FALSE,NA,FALSE,FALSE
"Tool grinders, filers, and sharpeners",3000,NA,NA,NA,NA,FALSE,FALSE,FALSE,NA,FALSE,FALSE
"Metal workers and plastic workers, all other",375000,19.5,14.4,6.6,26,FALSE,FALSE,FALSE,NA,FALSE,FALSE
Prepress technicians and workers,33000,NA,NA,NA,NA,FALSE,FALSE,FALSE,NA,FALSE,FALSE
Printing press operators,201000,17.2,10.1,3.4,15.6,FALSE,FALSE,FALSE,NA,FALSE,FALSE
Print binding and finishing workers,22000,NA,NA,NA,NA,FALSE,FALSE,FALSE,NA,FALSE,FALSE
Laundry and dry-cleaning workers,185000,53.3,20.8,10.3,37.1,FALSE,FALSE,FALSE,NA,FALSE,FALSE
"Pressers, textile, garment, and related materials",54000,70.6,17,3.5,47.9,FALSE,FALSE,FALSE,NA,FALSE,FALSE
Sewing machine operators,166000,74.2,5.6,11.4,43.8,FALSE,FALSE,FALSE,NA,FALSE,FALSE
Shoe and leather workers and repairers,11000,NA,NA,NA,NA,FALSE,FALSE,FALSE,NA,FALSE,FALSE
Shoe machine operators and tenders,11000,NA,NA,NA,NA,FALSE,FALSE,FALSE,NA,FALSE,FALSE
"Tailors, dressmakers, and sewers",86000,77.1,5.9,19.5,24.9,FALSE,TRUE,FALSE,NA,FALSE,FALSE
Textile bleaching and dyeing machine operators and tenders,5000,NA,NA,NA,NA,FALSE,FALSE,FALSE,NA,FALSE,FALSE
"Textile cutting machine setters, operators, and tenders",12000,NA,NA,NA,NA,FALSE,FALSE,FALSE,NA,FALSE,FALSE
"Textile knitting and weaving machine setters, operators, and tenders",7000,NA,NA,NA,NA,FALSE,FALSE,FALSE,NA,FALSE,FALSE
"Textile winding, twisting, and drawing out machine setters, operators, and tenders",14000,NA,NA,NA,NA,FALSE,FALSE,FALSE,NA,FALSE,FALSE
"Extruding and forming machine setters, operators, and tenders, synthetic and glass fibers",1000,NA,NA,NA,NA,FALSE,FALSE,FALSE,NA,FALSE,FALSE
Fabric and apparel patternmakers,3000,NA,NA,NA,NA,FALSE,FALSE,FALSE,NA,FALSE,FALSE
Upholsterers,34000,NA,NA,NA,NA,FALSE,FALSE,FALSE,NA,FALSE,FALSE
"Textile, apparel, and furnishings workers, all other",14000,NA,NA,NA,NA,FALSE,FALSE,FALSE,NA,FALSE,FALSE
Cabinetmakers and bench carpenters,45000,NA,NA,NA,NA,FALSE,FALSE,FALSE,NA,FALSE,FALSE
Furniture finishers,7000,NA,NA,NA,NA,FALSE,FALSE,FALSE,NA,FALSE,FALSE
"Model makers and patternmakers, wood",0,NA,NA,NA,NA,FALSE,FALSE,FALSE,NA,FALSE,FALSE
"Sawing machine setters, operators, and tenders, wood",30000,NA,NA,NA,NA,FALSE,FALSE,FALSE,NA,FALSE,FALSE
"Woodworking machine setters, operators, and tenders, except sawing",21000,NA,NA,NA,NA,FALSE,FALSE,FALSE,NA,FALSE,FALSE
"Woodworkers, all other",21000,NA,NA,NA,NA,FALSE,FALSE,FALSE,NA,FALSE,FALSE
"Power plant operators, distributors, and dispatchers",44000,NA,NA,NA,NA,FALSE,FALSE,FALSE,NA,FALSE,FALSE
Stationary engineers and boiler operators,121000,5.5,10.4,4.3,13.8,FALSE,FALSE,FALSE,NA,FALSE,FALSE
Water and wastewater treatment plant and system operators,72000,4.5,8.4,1.7,19.6,FALSE,FALSE,FALSE,NA,FALSE,FALSE
Miscellaneous plant and system operators,39000,NA,NA,NA,NA,FALSE,FALSE,FALSE,NA,FALSE,FALSE
"Chemical processing machine setters, operators, and tenders",68000,16.2,4.5,0.8,10.7,FALSE,FALSE,FALSE,NA,FALSE,FALSE
"Crushing, grinding, polishing, mixing, and blending workers",100000,15,14.5,6.8,18.4,FALSE,FALSE,FALSE,NA,FALSE,FALSE
Cutting workers,67000,19.2,14.1,3.5,15.8,FALSE,FALSE,FALSE,NA,FALSE,FALSE
"Extruding, forming, pressing, and compacting machine setters, operators, and tenders",45000,NA,NA,NA,NA,FALSE,FALSE,FALSE,NA,FALSE,FALSE
"Furnace, kiln, oven, drier, and kettle operators and tenders",16000,NA,NA,NA,NA,FALSE,FALSE,FALSE,NA,FALSE,FALSE
"Inspectors, testers, sorters, samplers, and weighers",689000,33.4,11.5,6.7,13.6,FALSE,FALSE,FALSE,NA,FALSE,FALSE
Jewelers and precious stone and metal workers,46000,NA,NA,NA,NA,FALSE,FALSE,FALSE,NA,FALSE,FALSE
"Medical, dental, and ophthalmic laboratory technicians",95000,50.7,1.6,8.9,15.9,FALSE,FALSE,FALSE,NA,FALSE,FALSE
Packaging and filling machine operators and tenders,261000,52.3,14.1,8.8,38,FALSE,FALSE,FALSE,NA,FALSE,FALSE
Painting workers,150000,15.1,5.7,4.3,34.9,FALSE,FALSE,FALSE,NA,FALSE,FALSE
Photographic process workers and processing machine operators,55000,45.6,13.3,4.9,18.7,FALSE,FALSE,FALSE,NA,FALSE,FALSE
Semiconductor processors,4000,NA,NA,NA,NA,FALSE,FALSE,FALSE,NA,FALSE,FALSE
Adhesive bonding machine operators and tenders,9000,NA,NA,NA,NA,FALSE,FALSE,FALSE,NA,FALSE,FALSE
"Cleaning, washing, and metal pickling equipment operators and tenders",7000,NA,NA,NA,NA,FALSE,FALSE,FALSE,NA,FALSE,FALSE
Cooling and freezing equipment operators and tenders,2000,NA,NA,NA,NA,FALSE,FALSE,FALSE,NA,FALSE,FALSE
Etchers and engravers,6000,NA,NA,NA,NA,FALSE,FALSE,FALSE,NA,FALSE,FALSE
"Molders, shapers, and casters, except metal and plastic",41000,NA,NA,NA,NA,FALSE,FALSE,FALSE,NA,FALSE,FALSE
"Paper goods machine setters, operators, and tenders",35000,NA,NA,NA,NA,FALSE,FALSE,FALSE,NA,FALSE,FALSE
Tire builders,19000,NA,NA,NA,NA,FALSE,FALSE,FALSE,NA,FALSE,FALSE
Helpers--production workers,59000,34.8,19.8,2.9,30.6,FALSE,FALSE,FALSE,NA,FALSE,FALSE
"Production workers, all other",933000,26.3,13.7,4,21.5,FALSE,FALSE,FALSE,NA,FALSE,FALSE
Supervisors of transportation and material moving workers,200000,23,13.5,4.4,18.4,FALSE,FALSE,FALSE,NA,FALSE,FALSE
Aircraft pilots and flight engineers,129000,4.1,2.7,2.5,5,FALSE,TRUE,FALSE,pilot,FALSE,FALSE
Air traffic controllers and airfield operations specialists,44000,NA,NA,NA,NA,FALSE,FALSE,FALSE,NA,FALSE,FALSE
Flight attendants,88000,77.6,11.8,5.9,10.5,FALSE,TRUE,FALSE,flight attendant,FALSE,FALSE
"Ambulance drivers and attendants, except emergency medical technicians",20000,NA,NA,NA,NA,FALSE,FALSE,FALSE,NA,FALSE,FALSE
Bus drivers,558000,45.5,25.3,2.3,12.9,FALSE,TRUE,FALSE,bus driver,FALSE,FALSE
Driver/sales workers and truck drivers,3201000,5.4,14,1.6,19.3,FALSE,TRUE,FALSE,truck driver,FALSE,FALSE
Taxi drivers and chauffeurs,336000,13.2,24.8,13.8,16,FALSE,TRUE,FALSE,taxi driver,FALSE,FALSE
"Motor vehicle operators, all other",63000,13.3,14.4,1.4,10.5,FALSE,FALSE,FALSE,NA,FALSE,FALSE
Locomotive engineers and operators,41000,NA,NA,NA,NA,FALSE,FALSE,FALSE,NA,FALSE,FALSE
"Railroad brake, signal, and switch operators",10000,NA,NA,NA,NA,FALSE,FALSE,FALSE,NA,FALSE,FALSE
Railroad conductors and yardmasters,52000,5.6,16.2,0.7,12.5,FALSE,TRUE,FALSE,NA,FALSE,FALSE
"Subway, streetcar, and other rail transportation workers",11000,NA,NA,NA,NA,FALSE,FALSE,FALSE,NA,FALSE,FALSE
Sailors and marine oilers,16000,NA,NA,NA,NA,FALSE,FALSE,FALSE,NA,FALSE,FALSE
Ship and boat captains and operators,37000,NA,NA,NA,NA,FALSE,FALSE,FALSE,NA,FALSE,FALSE
Ship engineers,7000,NA,NA,NA,NA,FALSE,FALSE,FALSE,NA,FALSE,FALSE
Bridge and lock tenders,7000,NA,NA,NA,NA,FALSE,FALSE,FALSE,NA,FALSE,FALSE
Parking lot attendants,81000,11.6,23.5,5.3,35.5,FALSE,TRUE,FALSE,parking attendant,FALSE,FALSE
Automotive and watercraft service attendants,94000,9.2,12.9,5.2,12.5,FALSE,FALSE,FALSE,NA,FALSE,FALSE
Transportation inspectors,36000,NA,NA,NA,NA,FALSE,FALSE,FALSE,NA,FALSE,FALSE
"Transportation attendants, except flight attendants",38000,NA,NA,NA,NA,FALSE,FALSE,FALSE,NA,FALSE,FALSE
Other transportation workers,17000,NA,NA,NA,NA,FALSE,FALSE,FALSE,NA,FALSE,FALSE
Conveyor operators and tenders,4000,NA,NA,NA,NA,FALSE,FALSE,FALSE,NA,FALSE,FALSE
Crane and tower operators,62000,4,12.3,0.9,12.2,FALSE,TRUE,FALSE,crane operator,FALSE,FALSE
"Dredge, excavating, and loading machine operators",42000,NA,NA,NA,NA,FALSE,FALSE,FALSE,NA,FALSE,FALSE
Hoist and winch operators,5000,NA,NA,NA,NA,FALSE,FALSE,FALSE,NA,FALSE,FALSE
Industrial truck and tractor operators,537000,7.4,18.4,1.6,31.3,FALSE,FALSE,FALSE,NA,FALSE,FALSE
Cleaners of vehicles and equipment,315000,15.2,16.8,2.7,35.9,FALSE,FALSE,FALSE,NA,FALSE,FALSE
"Laborers and freight, stock, and material movers, hand",1849000,18.7,15.9,2.5,23,FALSE,FALSE,FALSE,NA,FALSE,FALSE
Machine feeders and offbearers,27000,NA,NA,NA,NA,FALSE,FALSE,FALSE,NA,FALSE,FALSE
"Packers and packagers, hand",431000,53.1,14,3.5,42,FALSE,FALSE,FALSE,NA,FALSE,FALSE
Pumping station operators,25000,NA,NA,NA,NA,FALSE,FALSE,FALSE,NA,FALSE,FALSE
Refuse and recyclable material collectors,106000,6.6,24.9,1.4,29.4,FALSE,TRUE,FALSE,garbage collector,FALSE,FALSE
Mine shuttle car operators,1000,NA,NA,NA,NA,FALSE,FALSE,FALSE,NA,FALSE,FALSE
"Tank car, truck, and ship loaders",4000,NA,NA,NA,NA,FALSE,FALSE,FALSE,NA,FALSE,FALSE
"Material moving workers, all other",45000,NA,NA,NA,NA,FALSE,FALSE,FALSE,NA,FALSE,FALSE
